[{"model": "admin.logentry", "pk": 1, "fields": {"action_time": "2023-05-13T01:25:36.245Z", "user": 1, "content_type": 7, "object_id": "1", "object_repr": "Patient object (1)", "action_flag": 3, "change_message": ""}}, {"model": "admin.logentry", "pk": 2, "fields": {"action_time": "2023-05-13T15:00:06.868Z", "user": 1, "content_type": 7, "object_id": "5", "object_repr": "Test Mia", "action_flag": 2, "change_message": "[{\"changed\": {\"fields\": [\"First name\", \"Last name\", \"Gender\", \"Ethnicity\", \"Diseases\", \"Admin\"]}}]"}}, {"model": "admin.logentry", "pk": 3, "fields": {"action_time": "2023-05-13T15:00:25.768Z", "user": 1, "content_type": 7, "object_id": "4", "object_repr": "Erni Test", "action_flag": 2, "change_message": "[{\"changed\": {\"fields\": [\"First name\", \"Gender\", \"Ethnicity\", \"Diseases\", \"Birth year\", \"Admin\"]}}]"}}, {"model": "admin.logentry", "pk": 4, "fields": {"action_time": "2023-05-13T15:00:45.701Z", "user": 1, "content_type": 7, "object_id": "3", "object_repr": "mie noodle", "action_flag": 2, "change_message": "[{\"changed\": {\"fields\": [\"First name\", \"Last name\", \"Gender\", \"Ethnicity\", \"Diseases\", \"Birth year\", \"Admin\"]}}]"}}, {"model": "admin.logentry", "pk": 5, "fields": {"action_time": "2023-05-13T15:01:10.146Z", "user": 1, "content_type": 7, "object_id": "2", "object_repr": "nicole no", "action_flag": 2, "change_message": "[{\"changed\": {\"fields\": [\"First name\", \"Last name\", \"Gender\", \"Ethnicity\", \"Diseases\", \"Birth year\", \"Admin\"]}}]"}}, {"model": "admin.logentry", "pk": 6, "fields": {"action_time": "2023-05-15T12:03:23.862Z", "user": 1, "content_type": 10, "object_id": "1", "object_repr": "Submission object (1)", "action_flag": 3, "change_message": ""}}, {"model": "admin.logentry", "pk": 7, "fields": {"action_time": "2023-05-15T15:36:30.463Z", "user": 1, "content_type": 10, "object_id": "10", "object_repr": "Erni open", "action_flag": 3, "change_message": ""}}, {"model": "admin.logentry", "pk": 8, "fields": {"action_time": "2023-05-15T15:36:30.466Z", "user": 1, "content_type": 10, "object_id": "9", "object_repr": "Erni open", "action_flag": 3, "change_message": ""}}, {"model": "admin.logentry", "pk": 9, "fields": {"action_time": "2023-05-15T15:36:30.468Z", "user": 1, "content_type": 10, "object_id": "8", "object_repr": "Erni open", "action_flag": 3, "change_message": ""}}, {"model": "admin.logentry", "pk": 10, "fields": {"action_time": "2023-05-15T15:36:30.470Z", "user": 1, "content_type": 10, "object_id": "7", "object_repr": "Erni open", "action_flag": 3, "change_message": ""}}, {"model": "admin.logentry", "pk": 11, "fields": {"action_time": "2023-05-15T15:36:30.471Z", "user": 1, "content_type": 10, "object_id": "6", "object_repr": "Erni open", "action_flag": 3, "change_message": ""}}, {"model": "admin.logentry", "pk": 12, "fields": {"action_time": "2023-05-15T15:36:30.472Z", "user": 1, "content_type": 10, "object_id": "5", "object_repr": "Erni open", "action_flag": 3, "change_message": ""}}, {"model": "admin.logentry", "pk": 13, "fields": {"action_time": "2023-05-15T15:36:30.474Z", "user": 1, "content_type": 10, "object_id": "4", "object_repr": "Erni open", "action_flag": 3, "change_message": ""}}, {"model": "admin.logentry", "pk": 14, "fields": {"action_time": "2023-05-15T15:36:30.476Z", "user": 1, "content_type": 10, "object_id": "3", "object_repr": "Erni open", "action_flag": 3, "change_message": ""}}, {"model": "admin.logentry", "pk": 15, "fields": {"action_time": "2023-05-15T15:36:30.477Z", "user": 1, "content_type": 10, "object_id": "2", "object_repr": "Erni open", "action_flag": 3, "change_message": ""}}, {"model": "admin.logentry", "pk": 16, "fields": {"action_time": "2023-05-15T16:14:24.854Z", "user": 1, "content_type": 10, "object_id": "30", "object_repr": "Erni open", "action_flag": 3, "change_message": ""}}, {"model": "admin.logentry", "pk": 17, "fields": {"action_time": "2023-05-15T16:14:24.856Z", "user": 1, "content_type": 10, "object_id": "29", "object_repr": "Erni open", "action_flag": 3, "change_message": ""}}, {"model": "admin.logentry", "pk": 18, "fields": {"action_time": "2023-05-15T16:14:24.857Z", "user": 1, "content_type": 10, "object_id": "28", "object_repr": "Erni open", "action_flag": 3, "change_message": ""}}, {"model": "admin.logentry", "pk": 19, "fields": {"action_time": "2023-05-15T16:14:24.858Z", "user": 1, "content_type": 10, "object_id": "27", "object_repr": "Erni open", "action_flag": 3, "change_message": ""}}, {"model": "admin.logentry", "pk": 20, "fields": {"action_time": "2023-05-15T16:14:24.859Z", "user": 1, "content_type": 10, "object_id": "26", "object_repr": "Erni open", "action_flag": 3, "change_message": ""}}, {"model": "admin.logentry", "pk": 21, "fields": {"action_time": "2023-05-15T16:14:24.860Z", "user": 1, "content_type": 10, "object_id": "25", "object_repr": "Erni open", "action_flag": 3, "change_message": ""}}, {"model": "admin.logentry", "pk": 22, "fields": {"action_time": "2023-05-15T16:14:24.861Z", "user": 1, "content_type": 10, "object_id": "24", "object_repr": "Erni open", "action_flag": 3, "change_message": ""}}, {"model": "admin.logentry", "pk": 23, "fields": {"action_time": "2023-05-15T16:14:24.862Z", "user": 1, "content_type": 10, "object_id": "23", "object_repr": "Erni open", "action_flag": 3, "change_message": ""}}, {"model": "admin.logentry", "pk": 24, "fields": {"action_time": "2023-05-15T16:14:24.863Z", "user": 1, "content_type": 10, "object_id": "22", "object_repr": "Erni open", "action_flag": 3, "change_message": ""}}, {"model": "admin.logentry", "pk": 25, "fields": {"action_time": "2023-05-15T16:14:24.863Z", "user": 1, "content_type": 10, "object_id": "21", "object_repr": "Erni open", "action_flag": 3, "change_message": ""}}, {"model": "admin.logentry", "pk": 26, "fields": {"action_time": "2023-05-15T16:14:24.864Z", "user": 1, "content_type": 10, "object_id": "20", "object_repr": "Erni open", "action_flag": 3, "change_message": ""}}, {"model": "admin.logentry", "pk": 27, "fields": {"action_time": "2023-05-15T16:14:24.865Z", "user": 1, "content_type": 10, "object_id": "19", "object_repr": "Erni open", "action_flag": 3, "change_message": ""}}, {"model": "admin.logentry", "pk": 28, "fields": {"action_time": "2023-05-15T16:14:24.865Z", "user": 1, "content_type": 10, "object_id": "18", "object_repr": "Erni open", "action_flag": 3, "change_message": ""}}, {"model": "admin.logentry", "pk": 29, "fields": {"action_time": "2023-05-15T16:14:24.866Z", "user": 1, "content_type": 10, "object_id": "17", "object_repr": "Erni open", "action_flag": 3, "change_message": ""}}, {"model": "admin.logentry", "pk": 30, "fields": {"action_time": "2023-05-15T16:14:24.867Z", "user": 1, "content_type": 10, "object_id": "16", "object_repr": "Erni open", "action_flag": 3, "change_message": ""}}, {"model": "admin.logentry", "pk": 31, "fields": {"action_time": "2023-05-15T16:14:24.868Z", "user": 1, "content_type": 10, "object_id": "15", "object_repr": "Erni open", "action_flag": 3, "change_message": ""}}, {"model": "admin.logentry", "pk": 32, "fields": {"action_time": "2023-05-15T16:14:24.868Z", "user": 1, "content_type": 10, "object_id": "14", "object_repr": "Erni open", "action_flag": 3, "change_message": ""}}, {"model": "admin.logentry", "pk": 33, "fields": {"action_time": "2023-05-15T16:14:24.869Z", "user": 1, "content_type": 10, "object_id": "13", "object_repr": "Erni open", "action_flag": 3, "change_message": ""}}, {"model": "admin.logentry", "pk": 34, "fields": {"action_time": "2023-05-15T16:14:24.869Z", "user": 1, "content_type": 10, "object_id": "12", "object_repr": "Erni open", "action_flag": 3, "change_message": ""}}, {"model": "admin.logentry", "pk": 35, "fields": {"action_time": "2023-05-15T16:14:24.870Z", "user": 1, "content_type": 10, "object_id": "11", "object_repr": "Erni open", "action_flag": 3, "change_message": ""}}, {"model": "admin.logentry", "pk": 36, "fields": {"action_time": "2023-05-15T16:27:14.795Z", "user": 1, "content_type": 9, "object_id": "11", "object_repr": "37 left", "action_flag": 3, "change_message": ""}}, {"model": "admin.logentry", "pk": 37, "fields": {"action_time": "2023-05-15T16:27:14.797Z", "user": 1, "content_type": 9, "object_id": "10", "object_repr": "37 right", "action_flag": 3, "change_message": ""}}, {"model": "admin.logentry", "pk": 38, "fields": {"action_time": "2023-05-15T16:27:14.798Z", "user": 1, "content_type": 9, "object_id": "9", "object_repr": "36 left", "action_flag": 3, "change_message": ""}}, {"model": "admin.logentry", "pk": 39, "fields": {"action_time": "2023-05-15T16:27:14.799Z", "user": 1, "content_type": 9, "object_id": "8", "object_repr": "36 right", "action_flag": 3, "change_message": ""}}, {"model": "admin.logentry", "pk": 40, "fields": {"action_time": "2023-05-15T16:27:14.800Z", "user": 1, "content_type": 9, "object_id": "7", "object_repr": "35 left", "action_flag": 3, "change_message": ""}}, {"model": "admin.logentry", "pk": 41, "fields": {"action_time": "2023-05-15T16:27:14.801Z", "user": 1, "content_type": 9, "object_id": "6", "object_repr": "35 right", "action_flag": 3, "change_message": ""}}, {"model": "admin.logentry", "pk": 42, "fields": {"action_time": "2023-05-15T16:27:14.802Z", "user": 1, "content_type": 9, "object_id": "5", "object_repr": "32 left", "action_flag": 3, "change_message": ""}}, {"model": "admin.logentry", "pk": 43, "fields": {"action_time": "2023-05-15T16:27:14.803Z", "user": 1, "content_type": 9, "object_id": "4", "object_repr": "32 right", "action_flag": 3, "change_message": ""}}, {"model": "admin.logentry", "pk": 44, "fields": {"action_time": "2023-05-15T16:27:14.804Z", "user": 1, "content_type": 9, "object_id": "3", "object_repr": "31 left", "action_flag": 3, "change_message": ""}}, {"model": "admin.logentry", "pk": 45, "fields": {"action_time": "2023-05-15T16:27:14.805Z", "user": 1, "content_type": 9, "object_id": "2", "object_repr": "31 right", "action_flag": 3, "change_message": ""}}, {"model": "admin.logentry", "pk": 46, "fields": {"action_time": "2023-05-15T16:27:22.844Z", "user": 1, "content_type": 10, "object_id": "37", "object_repr": "Erni open", "action_flag": 3, "change_message": ""}}, {"model": "admin.logentry", "pk": 47, "fields": {"action_time": "2023-05-15T16:27:22.847Z", "user": 1, "content_type": 10, "object_id": "36", "object_repr": "Erni open", "action_flag": 3, "change_message": ""}}, {"model": "admin.logentry", "pk": 48, "fields": {"action_time": "2023-05-15T16:27:22.848Z", "user": 1, "content_type": 10, "object_id": "35", "object_repr": "Erni open", "action_flag": 3, "change_message": ""}}, {"model": "admin.logentry", "pk": 49, "fields": {"action_time": "2023-05-15T16:27:22.849Z", "user": 1, "content_type": 10, "object_id": "34", "object_repr": "Erni open", "action_flag": 3, "change_message": ""}}, {"model": "admin.logentry", "pk": 50, "fields": {"action_time": "2023-05-15T16:27:22.850Z", "user": 1, "content_type": 10, "object_id": "33", "object_repr": "Erni open", "action_flag": 3, "change_message": ""}}, {"model": "admin.logentry", "pk": 51, "fields": {"action_time": "2023-05-15T16:27:22.852Z", "user": 1, "content_type": 10, "object_id": "32", "object_repr": "Erni open", "action_flag": 3, "change_message": ""}}, {"model": "admin.logentry", "pk": 52, "fields": {"action_time": "2023-05-15T16:27:22.854Z", "user": 1, "content_type": 10, "object_id": "31", "object_repr": "Erni open", "action_flag": 3, "change_message": ""}}, {"model": "admin.logentry", "pk": 53, "fields": {"action_time": "2023-05-15T16:31:45.873Z", "user": 1, "content_type": 9, "object_id": "13", "object_repr": "submission: 38, eye-side: left", "action_flag": 3, "change_message": ""}}, {"model": "admin.logentry", "pk": 54, "fields": {"action_time": "2023-05-15T16:31:45.876Z", "user": 1, "content_type": 9, "object_id": "12", "object_repr": "submission: 38, eye-side: right", "action_flag": 3, "change_message": ""}}, {"model": "admin.logentry", "pk": 55, "fields": {"action_time": "2023-05-15T16:31:50.483Z", "user": 1, "content_type": 10, "object_id": "38", "object_repr": "submission for:Erni, status: open", "action_flag": 3, "change_message": ""}}, {"model": "admin.logentry", "pk": 56, "fields": {"action_time": "2023-05-15T16:32:17.488Z", "user": 1, "content_type": 9, "object_id": "15", "object_repr": "submission: 39, eye-side: left", "action_flag": 3, "change_message": ""}}, {"model": "admin.logentry", "pk": 57, "fields": {"action_time": "2023-05-15T16:32:17.491Z", "user": 1, "content_type": 9, "object_id": "14", "object_repr": "submission: 39, eye-side: right", "action_flag": 3, "change_message": ""}}, {"model": "admin.logentry", "pk": 58, "fields": {"action_time": "2023-05-15T16:32:23.437Z", "user": 1, "content_type": 10, "object_id": "39", "object_repr": "submission for:Erni, status: open", "action_flag": 3, "change_message": ""}}, {"model": "admin.logentry", "pk": 59, "fields": {"action_time": "2023-05-15T17:26:15.212Z", "user": 1, "content_type": 14, "object_id": "2", "object_repr": "submission: 1, eye-side: left", "action_flag": 3, "change_message": ""}}, {"model": "admin.logentry", "pk": 60, "fields": {"action_time": "2023-05-15T17:26:15.215Z", "user": 1, "content_type": 14, "object_id": "1", "object_repr": "submission: 1, eye-side: right", "action_flag": 3, "change_message": ""}}, {"model": "admin.logentry", "pk": 61, "fields": {"action_time": "2023-05-15T17:26:20.610Z", "user": 1, "content_type": 13, "object_id": "2", "object_repr": "submission for:Freja, status: open", "action_flag": 3, "change_message": ""}}, {"model": "admin.logentry", "pk": 62, "fields": {"action_time": "2023-05-15T17:26:20.612Z", "user": 1, "content_type": 13, "object_id": "1", "object_repr": "submission for:Freja, status: open", "action_flag": 3, "change_message": ""}}, {"model": "admin.logentry", "pk": 63, "fields": {"action_time": "2023-05-15T17:30:14.996Z", "user": 1, "content_type": 14, "object_id": "4", "object_repr": "submission: 4, eye-side: left", "action_flag": 3, "change_message": ""}}, {"model": "admin.logentry", "pk": 64, "fields": {"action_time": "2023-05-15T17:30:14.998Z", "user": 1, "content_type": 14, "object_id": "3", "object_repr": "submission: 4, eye-side: right", "action_flag": 3, "change_message": ""}}, {"model": "admin.logentry", "pk": 65, "fields": {"action_time": "2023-05-15T17:30:19.795Z", "user": 1, "content_type": 13, "object_id": "4", "object_repr": "submission for:Freja, status: completed", "action_flag": 3, "change_message": ""}}, {"model": "admin.logentry", "pk": 66, "fields": {"action_time": "2023-05-15T17:30:19.797Z", "user": 1, "content_type": 13, "object_id": "3", "object_repr": "submission for:Freja, status: open", "action_flag": 3, "change_message": ""}}, {"model": "admin.logentry", "pk": 67, "fields": {"action_time": "2023-05-15T17:34:27.329Z", "user": 1, "content_type": 14, "object_id": "8", "object_repr": "submission: 6, eye-side: left", "action_flag": 3, "change_message": ""}}, {"model": "admin.logentry", "pk": 68, "fields": {"action_time": "2023-05-15T17:34:27.332Z", "user": 1, "content_type": 14, "object_id": "7", "object_repr": "submission: 6, eye-side: right", "action_flag": 3, "change_message": ""}}, {"model": "admin.logentry", "pk": 69, "fields": {"action_time": "2023-05-15T17:34:27.334Z", "user": 1, "content_type": 14, "object_id": "6", "object_repr": "submission: 5, eye-side: left", "action_flag": 3, "change_message": ""}}, {"model": "admin.logentry", "pk": 70, "fields": {"action_time": "2023-05-15T17:34:27.335Z", "user": 1, "content_type": 14, "object_id": "5", "object_repr": "submission: 5, eye-side: right", "action_flag": 3, "change_message": ""}}, {"model": "admin.logentry", "pk": 71, "fields": {"action_time": "2023-05-15T17:34:32.264Z", "user": 1, "content_type": 13, "object_id": "6", "object_repr": "submission for:Freja, status: open", "action_flag": 3, "change_message": ""}}, {"model": "admin.logentry", "pk": 72, "fields": {"action_time": "2023-05-15T17:34:32.268Z", "user": 1, "content_type": 13, "object_id": "5", "object_repr": "submission for:Freja, status: open", "action_flag": 3, "change_message": ""}}, {"model": "admin.logentry", "pk": 73, "fields": {"action_time": "2023-05-15T17:59:51.797Z", "user": 1, "content_type": 11, "object_id": "1", "object_repr": "Freja Test", "action_flag": 2, "change_message": "[{\"changed\": {\"fields\": [\"Consent\"]}}]"}}, {"model": "admin.logentry", "pk": 74, "fields": {"action_time": "2023-05-15T17:59:55.865Z", "user": 1, "content_type": 11, "object_id": "2", "object_repr": "Fettes Brote", "action_flag": 2, "change_message": "[{\"changed\": {\"fields\": [\"Consent\"]}}]"}}, {"model": "admin.logentry", "pk": 75, "fields": {"action_time": "2023-05-15T18:28:27.476Z", "user": 1, "content_type": 13, "object_id": "7", "object_repr": "submission for:Freja, status: completed", "action_flag": 2, "change_message": "[{\"changed\": {\"fields\": [\"Author\"]}}]"}}, {"model": "admin.logentry", "pk": 76, "fields": {"action_time": "2023-05-15T18:37:49.179Z", "user": 1, "content_type": 13, "object_id": "16", "object_repr": "submission for:Mark, status: None", "action_flag": 3, "change_message": ""}}, {"model": "admin.logentry", "pk": 77, "fields": {"action_time": "2023-05-15T18:37:49.182Z", "user": 1, "content_type": 13, "object_id": "15", "object_repr": "submission for:Mark, status: None", "action_flag": 3, "change_message": ""}}, {"model": "admin.logentry", "pk": 78, "fields": {"action_time": "2023-05-15T18:37:49.183Z", "user": 1, "content_type": 13, "object_id": "14", "object_repr": "submission for:Mark, status: None", "action_flag": 3, "change_message": ""}}, {"model": "admin.logentry", "pk": 79, "fields": {"action_time": "2023-05-15T18:37:49.185Z", "user": 1, "content_type": 13, "object_id": "13", "object_repr": "submission for:Mark, status: None", "action_flag": 3, "change_message": ""}}, {"model": "admin.logentry", "pk": 80, "fields": {"action_time": "2023-05-15T18:37:49.187Z", "user": 1, "content_type": 13, "object_id": "12", "object_repr": "submission for:Mark, status: None", "action_flag": 3, "change_message": ""}}, {"model": "admin.logentry", "pk": 81, "fields": {"action_time": "2023-05-15T18:37:49.189Z", "user": 1, "content_type": 13, "object_id": "11", "object_repr": "submission for:Mark, status: None", "action_flag": 3, "change_message": ""}}, {"model": "admin.logentry", "pk": 82, "fields": {"action_time": "2023-05-15T18:37:49.191Z", "user": 1, "content_type": 13, "object_id": "10", "object_repr": "submission for:Mark, status: None", "action_flag": 3, "change_message": ""}}, {"model": "admin.logentry", "pk": 83, "fields": {"action_time": "2023-05-15T18:37:54.057Z", "user": 1, "content_type": 13, "object_id": "8", "object_repr": "submission for:JHope, status: None", "action_flag": 3, "change_message": ""}}, {"model": "admin.logentry", "pk": 84, "fields": {"action_time": "2023-05-16T15:06:43.424Z", "user": 1, "content_type": 4, "object_id": "1", "object_repr": "sari@test.com", "action_flag": 2, "change_message": "[{\"changed\": {\"fields\": [\"Username\"]}}]"}}, {"model": "admin.logentry", "pk": 85, "fields": {"action_time": "2023-05-16T17:03:19.850Z", "user": 1, "content_type": 13, "object_id": "26", "object_repr": "submission for:Freja, status: None", "action_flag": 3, "change_message": ""}}, {"model": "admin.logentry", "pk": 86, "fields": {"action_time": "2023-05-16T17:03:19.854Z", "user": 1, "content_type": 13, "object_id": "25", "object_repr": "submission for:Freja, status: None", "action_flag": 3, "change_message": ""}}, {"model": "admin.logentry", "pk": 87, "fields": {"action_time": "2023-05-16T17:03:19.856Z", "user": 1, "content_type": 13, "object_id": "24", "object_repr": "submission for:Freja, status: None", "action_flag": 3, "change_message": ""}}, {"model": "admin.logentry", "pk": 88, "fields": {"action_time": "2023-05-16T17:03:19.858Z", "user": 1, "content_type": 13, "object_id": "23", "object_repr": "submission for:Freja, status: None", "action_flag": 3, "change_message": ""}}, {"model": "admin.logentry", "pk": 89, "fields": {"action_time": "2023-05-16T17:03:19.860Z", "user": 1, "content_type": 13, "object_id": "22", "object_repr": "submission for:Freja, status: None", "action_flag": 3, "change_message": ""}}, {"model": "admin.logentry", "pk": 90, "fields": {"action_time": "2023-05-16T17:03:19.861Z", "user": 1, "content_type": 13, "object_id": "21", "object_repr": "submission for:Freja, status: None", "action_flag": 3, "change_message": ""}}, {"model": "admin.logentry", "pk": 91, "fields": {"action_time": "2023-05-16T17:03:28.619Z", "user": 1, "content_type": 13, "object_id": "28", "object_repr": "submission for:Jorja, status: None", "action_flag": 3, "change_message": ""}}, {"model": "admin.logentry", "pk": 92, "fields": {"action_time": "2023-05-16T21:55:02.167Z", "user": 1, "content_type": 13, "object_id": "30", "object_repr": "submission for:Kaffee, status: completed", "action_flag": 3, "change_message": ""}}, {"model": "admin.logentry", "pk": 93, "fields": {"action_time": "2023-05-16T21:55:02.170Z", "user": 1, "content_type": 13, "object_id": "29", "object_repr": "submission for:Jorja, status: completed", "action_flag": 3, "change_message": ""}}, {"model": "admin.logentry", "pk": 94, "fields": {"action_time": "2023-05-16T21:55:02.171Z", "user": 1, "content_type": 13, "object_id": "27", "object_repr": "submission for:Freja, status: completed", "action_flag": 3, "change_message": ""}}, {"model": "admin.logentry", "pk": 95, "fields": {"action_time": "2023-05-16T21:55:02.173Z", "user": 1, "content_type": 13, "object_id": "20", "object_repr": "submission for:Bella, status: completed", "action_flag": 3, "change_message": ""}}, {"model": "admin.logentry", "pk": 96, "fields": {"action_time": "2023-05-16T21:55:02.175Z", "user": 1, "content_type": 13, "object_id": "19", "object_repr": "submission for:Bella, status: completed", "action_flag": 3, "change_message": ""}}, {"model": "admin.logentry", "pk": 97, "fields": {"action_time": "2023-05-16T21:55:02.176Z", "user": 1, "content_type": 13, "object_id": "18", "object_repr": "submission for:Bella, status: completed", "action_flag": 3, "change_message": ""}}, {"model": "admin.logentry", "pk": 98, "fields": {"action_time": "2023-05-16T21:55:02.178Z", "user": 1, "content_type": 13, "object_id": "17", "object_repr": "submission for:Mark, status: completed", "action_flag": 3, "change_message": ""}}, {"model": "admin.logentry", "pk": 99, "fields": {"action_time": "2023-05-16T21:55:02.179Z", "user": 1, "content_type": 13, "object_id": "9", "object_repr": "submission for:JHope, status: completed", "action_flag": 3, "change_message": ""}}, {"model": "admin.logentry", "pk": 100, "fields": {"action_time": "2023-05-16T21:55:02.180Z", "user": 1, "content_type": 13, "object_id": "7", "object_repr": "submission for:Freja, status: completed", "action_flag": 3, "change_message": ""}}, {"model": "auth.permission", "pk": 1, "fields": {"name": "Can add log entry", "content_type": 1, "codename": "add_logentry"}}, {"model": "auth.permission", "pk": 2, "fields": {"name": "Can change log entry", "content_type": 1, "codename": "change_logentry"}}, {"model": "auth.permission", "pk": 3, "fields": {"name": "Can delete log entry", "content_type": 1, "codename": "delete_logentry"}}, {"model": "auth.permission", "pk": 4, "fields": {"name": "Can view log entry", "content_type": 1, "codename": "view_logentry"}}, {"model": "auth.permission", "pk": 5, "fields": {"name": "Can add permission", "content_type": 2, "codename": "add_permission"}}, {"model": "auth.permission", "pk": 6, "fields": {"name": "Can change permission", "content_type": 2, "codename": "change_permission"}}, {"model": "auth.permission", "pk": 7, "fields": {"name": "Can delete permission", "content_type": 2, "codename": "delete_permission"}}, {"model": "auth.permission", "pk": 8, "fields": {"name": "Can view permission", "content_type": 2, "codename": "view_permission"}}, {"model": "auth.permission", "pk": 9, "fields": {"name": "Can add group", "content_type": 3, "codename": "add_group"}}, {"model": "auth.permission", "pk": 10, "fields": {"name": "Can change group", "content_type": 3, "codename": "change_group"}}, {"model": "auth.permission", "pk": 11, "fields": {"name": "Can delete group", "content_type": 3, "codename": "delete_group"}}, {"model": "auth.permission", "pk": 12, "fields": {"name": "Can view group", "content_type": 3, "codename": "view_group"}}, {"model": "auth.permission", "pk": 13, "fields": {"name": "Can add user", "content_type": 4, "codename": "add_user"}}, {"model": "auth.permission", "pk": 14, "fields": {"name": "Can change user", "content_type": 4, "codename": "change_user"}}, {"model": "auth.permission", "pk": 15, "fields": {"name": "Can delete user", "content_type": 4, "codename": "delete_user"}}, {"model": "auth.permission", "pk": 16, "fields": {"name": "Can view user", "content_type": 4, "codename": "view_user"}}, {"model": "auth.permission", "pk": 17, "fields": {"name": "Can add content type", "content_type": 5, "codename": "add_contenttype"}}, {"model": "auth.permission", "pk": 18, "fields": {"name": "Can change content type", "content_type": 5, "codename": "change_contenttype"}}, {"model": "auth.permission", "pk": 19, "fields": {"name": "Can delete content type", "content_type": 5, "codename": "delete_contenttype"}}, {"model": "auth.permission", "pk": 20, "fields": {"name": "Can view content type", "content_type": 5, "codename": "view_contenttype"}}, {"model": "auth.permission", "pk": 21, "fields": {"name": "Can add session", "content_type": 6, "codename": "add_session"}}, {"model": "auth.permission", "pk": 22, "fields": {"name": "Can change session", "content_type": 6, "codename": "change_session"}}, {"model": "auth.permission", "pk": 23, "fields": {"name": "Can delete session", "content_type": 6, "codename": "delete_session"}}, {"model": "auth.permission", "pk": 24, "fields": {"name": "Can view session", "content_type": 6, "codename": "view_session"}}, {"model": "auth.permission", "pk": 25, "fields": {"name": "Can add patient", "content_type": 7, "codename": "add_patient"}}, {"model": "auth.permission", "pk": 26, "fields": {"name": "Can change patient", "content_type": 7, "codename": "change_patient"}}, {"model": "auth.permission", "pk": 27, "fields": {"name": "Can delete patient", "content_type": 7, "codename": "delete_patient"}}, {"model": "auth.permission", "pk": 28, "fields": {"name": "Can view patient", "content_type": 7, "codename": "view_patient"}}, {"model": "auth.permission", "pk": 29, "fields": {"name": "Can add practioner", "content_type": 8, "codename": "add_practioner"}}, {"model": "auth.permission", "pk": 30, "fields": {"name": "Can change practioner", "content_type": 8, "codename": "change_practioner"}}, {"model": "auth.permission", "pk": 31, "fields": {"name": "Can delete practioner", "content_type": 8, "codename": "delete_practioner"}}, {"model": "auth.permission", "pk": 32, "fields": {"name": "Can view practioner", "content_type": 8, "codename": "view_practioner"}}, {"model": "auth.permission", "pk": 33, "fields": {"name": "Can add submitted eyes", "content_type": 9, "codename": "add_submittedeyes"}}, {"model": "auth.permission", "pk": 34, "fields": {"name": "Can change submitted eyes", "content_type": 9, "codename": "change_submittedeyes"}}, {"model": "auth.permission", "pk": 35, "fields": {"name": "Can delete submitted eyes", "content_type": 9, "codename": "delete_submittedeyes"}}, {"model": "auth.permission", "pk": 36, "fields": {"name": "Can view submitted eyes", "content_type": 9, "codename": "view_submittedeyes"}}, {"model": "auth.permission", "pk": 37, "fields": {"name": "Can add submission", "content_type": 10, "codename": "add_submission"}}, {"model": "auth.permission", "pk": 38, "fields": {"name": "Can change submission", "content_type": 10, "codename": "change_submission"}}, {"model": "auth.permission", "pk": 39, "fields": {"name": "Can delete submission", "content_type": 10, "codename": "delete_submission"}}, {"model": "auth.permission", "pk": 40, "fields": {"name": "Can view submission", "content_type": 10, "codename": "view_submission"}}, {"model": "auth.permission", "pk": 41, "fields": {"name": "Can add submitted eye", "content_type": 9, "codename": "add_submittedeye"}}, {"model": "auth.permission", "pk": 42, "fields": {"name": "Can change submitted eye", "content_type": 9, "codename": "change_submittedeye"}}, {"model": "auth.permission", "pk": 43, "fields": {"name": "Can delete submitted eye", "content_type": 9, "codename": "delete_submittedeye"}}, {"model": "auth.permission", "pk": 44, "fields": {"name": "Can view submitted eye", "content_type": 9, "codename": "view_submittedeye"}}, {"model": "auth.permission", "pk": 45, "fields": {"name": "Can add patient", "content_type": 11, "codename": "add_patient"}}, {"model": "auth.permission", "pk": 46, "fields": {"name": "Can change patient", "content_type": 11, "codename": "change_patient"}}, {"model": "auth.permission", "pk": 47, "fields": {"name": "Can delete patient", "content_type": 11, "codename": "delete_patient"}}, {"model": "auth.permission", "pk": 48, "fields": {"name": "Can view patient", "content_type": 11, "codename": "view_patient"}}, {"model": "auth.permission", "pk": 49, "fields": {"name": "Can add practioner", "content_type": 12, "codename": "add_practioner"}}, {"model": "auth.permission", "pk": 50, "fields": {"name": "Can change practioner", "content_type": 12, "codename": "change_practioner"}}, {"model": "auth.permission", "pk": 51, "fields": {"name": "Can delete practioner", "content_type": 12, "codename": "delete_practioner"}}, {"model": "auth.permission", "pk": 52, "fields": {"name": "Can view practioner", "content_type": 12, "codename": "view_practioner"}}, {"model": "auth.permission", "pk": 53, "fields": {"name": "Can add submission", "content_type": 13, "codename": "add_submission"}}, {"model": "auth.permission", "pk": 54, "fields": {"name": "Can change submission", "content_type": 13, "codename": "change_submission"}}, {"model": "auth.permission", "pk": 55, "fields": {"name": "Can delete submission", "content_type": 13, "codename": "delete_submission"}}, {"model": "auth.permission", "pk": 56, "fields": {"name": "Can view submission", "content_type": 13, "codename": "view_submission"}}, {"model": "auth.permission", "pk": 57, "fields": {"name": "Can add submitted eye", "content_type": 14, "codename": "add_submittedeye"}}, {"model": "auth.permission", "pk": 58, "fields": {"name": "Can change submitted eye", "content_type": 14, "codename": "change_submittedeye"}}, {"model": "auth.permission", "pk": 59, "fields": {"name": "Can delete submitted eye", "content_type": 14, "codename": "delete_submittedeye"}}, {"model": "auth.permission", "pk": 60, "fields": {"name": "Can view submitted eye", "content_type": 14, "codename": "view_submittedeye"}}, {"model": "auth.permission", "pk": 61, "fields": {"name": "Can add blacklisted token", "content_type": 15, "codename": "add_blacklistedtoken"}}, {"model": "auth.permission", "pk": 62, "fields": {"name": "Can change blacklisted token", "content_type": 15, "codename": "change_blacklistedtoken"}}, {"model": "auth.permission", "pk": 63, "fields": {"name": "Can delete blacklisted token", "content_type": 15, "codename": "delete_blacklistedtoken"}}, {"model": "auth.permission", "pk": 64, "fields": {"name": "Can view blacklisted token", "content_type": 15, "codename": "view_blacklistedtoken"}}, {"model": "auth.permission", "pk": 65, "fields": {"name": "Can add outstanding token", "content_type": 16, "codename": "add_outstandingtoken"}}, {"model": "auth.permission", "pk": 66, "fields": {"name": "Can change outstanding token", "content_type": 16, "codename": "change_outstandingtoken"}}, {"model": "auth.permission", "pk": 67, "fields": {"name": "Can delete outstanding token", "content_type": 16, "codename": "delete_outstandingtoken"}}, {"model": "auth.permission", "pk": 68, "fields": {"name": "Can view outstanding token", "content_type": 16, "codename": "view_outstandingtoken"}}, {"model": "auth.user", "pk": 1, "fields": {"password": "pbkdf2_sha256$390000$kigOWdfNZ2QS29j9CfUi6g$+BovR4d38N28smcd9Fjx99WcKpWgYQQTOUeKBrXB3Ro=", "last_login": "2023-05-15T12:01:35Z", "is_superuser": true, "username": "sari@test.com", "first_name": "", "last_name": "", "email": "sari@test.com", "is_staff": true, "is_active": true, "date_joined": "2023-05-13T00:22:56Z", "groups": [], "user_permissions": []}}, {"model": "contenttypes.contenttype", "pk": 1, "fields": {"app_label": "admin", "model": "logentry"}}, {"model": "contenttypes.contenttype", "pk": 2, "fields": {"app_label": "auth", "model": "permission"}}, {"model": "contenttypes.contenttype", "pk": 3, "fields": {"app_label": "auth", "model": "group"}}, {"model": "contenttypes.contenttype", "pk": 4, "fields": {"app_label": "auth", "model": "user"}}, {"model": "contenttypes.contenttype", "pk": 5, "fields": {"app_label": "contenttypes", "model": "contenttype"}}, {"model": "contenttypes.contenttype", "pk": 6, "fields": {"app_label": "sessions", "model": "session"}}, {"model": "contenttypes.contenttype", "pk": 7, "fields": {"app_label": "prediction", "model": "patient"}}, {"model": "contenttypes.contenttype", "pk": 8, "fields": {"app_label": "prediction", "model": "practioner"}}, {"model": "contenttypes.contenttype", "pk": 9, "fields": {"app_label": "prediction", "model": "submittedeye"}}, {"model": "contenttypes.contenttype", "pk": 10, "fields": {"app_label": "prediction", "model": "submission"}}, {"model": "contenttypes.contenttype", "pk": 11, "fields": {"app_label": "api", "model": "patient"}}, {"model": "contenttypes.contenttype", "pk": 12, "fields": {"app_label": "api", "model": "practioner"}}, {"model": "contenttypes.contenttype", "pk": 13, "fields": {"app_label": "api", "model": "submission"}}, {"model": "contenttypes.contenttype", "pk": 14, "fields": {"app_label": "api", "model": "submittedeye"}}, {"model": "contenttypes.contenttype", "pk": 15, "fields": {"app_label": "token_blacklist", "model": "blacklistedtoken"}}, {"model": "contenttypes.contenttype", "pk": 16, "fields": {"app_label": "token_blacklist", "model": "outstandingtoken"}}, {"model": "sessions.session", "pk": "2vsl3oobph53celwkwtldbcxzwjz01eq", "fields": {"session_data": ".eJxVjDsOwyAQBe9CHSHW5psyvc-AYBeCkwgkY1dR7h5bcpG0b2bem_mwrcVvPS1-JnZlwC6_Wwz4TPUA9Aj13ji2ui5z5IfCT9r51Ci9bqf7d1BCL3utjLAAo7NZOgREPUoI0aAkHLPUUSkkkTJoQ8LSTjJqPSC6HKXRQ2CfL9k0ODU:1pyL5U:3gKTV8g3-QkjBMN875meR4U1qdk0P0A4CDzRG77pPLM", "expire_date": "2023-05-28T23:25:12.126Z"}}, {"model": "sessions.session", "pk": "mpi2pwdvtn2p6fyguykryne6s630zrvc", "fields": {"session_data": ".eJxVjDsOwyAQBe9CHSHW5psyvc-AYBeCkwgkY1dR7h5bcpG0b2bem_mwrcVvPS1-JnZlwC6_Wwz4TPUA9Aj13ji2ui5z5IfCT9r51Ci9bqf7d1BCL3utjLAAo7NZOgREPUoI0aAkHLPUUSkkkTJoQ8LSTjJqPSC6HKXRQ2CfL9k0ODU:1pyWtT:2zYkrRJJ6pGe6jo13uIfjbb8cz8zwqSVeMYx5AcHeOg", "expire_date": "2023-05-29T12:01:35.207Z"}}, {"model": "sessions.session", "pk": "u0p5g2tlhesmk6z11fqbmvt87kobtkbj", "fields": {"session_data": ".eJxVjDsOwyAQBe9CHSHW5psyvc-AYBeCkwgkY1dR7h5bcpG0b2bem_mwrcVvPS1-JnZlwC6_Wwz4TPUA9Aj13ji2ui5z5IfCT9r51Ci9bqf7d1BCL3utjLAAo7NZOgREPUoI0aAkHLPUUSkkkTJoQ8LSTjJqPSC6HKXRQ2CfL9k0ODU:1pxd2N:AUR59x1Tzv9hs3m_A90oUm1TXod8xBRsIqV1D8kDKgM", "expire_date": "2023-05-27T00:23:03.855Z"}}, {"model": "sessions.session", "pk": "xfua5qow6vje7oit7s8u20dzue09o7vn", "fields": {"session_data": ".eJxVjDsOwyAQBe9CHSHW5psyvc-AYBeCkwgkY1dR7h5bcpG0b2bem_mwrcVvPS1-JnZlwC6_Wwz4TPUA9Aj13ji2ui5z5IfCT9r51Ci9bqf7d1BCL3utjLAAo7NZOgREPUoI0aAkHLPUUSkkkTJoQ8LSTjJqPSC6HKXRQ2CfL9k0ODU:1pxqic:gpOLOYqQdRSGbhkOaInwJ2UNIo6MSNqPXz3N_OZt-uI", "expire_date": "2023-05-27T14:59:34.779Z"}}, {"model": "token_blacklist.outstandingtoken", "pk": 1, "fields": {"user": 1, "jti": "8af9c8ae8f2b488db2965fc8031b43ba", "token": "eyJhbGciOiJIUzI1NiIsInR5cCI6IkpXVCJ9.eyJ0b2tlbl90eXBlIjoicmVmcmVzaCIsImV4cCI6MTY4NDMzNTk5MiwiaWF0IjoxNjg0MjQ5NTkyLCJqdGkiOiI4YWY5YzhhZThmMmI0ODhkYjI5NjVmYzgwMzFiNDNiYSIsInVzZXJfaWQiOjF9.G-7G7ovUMzx6HNxSQCLRPkw2dK0o5dELXPfdwhVvhB0", "created_at": "2023-05-16T15:06:32.638Z", "expires_at": "2023-05-17T15:06:32Z"}}, {"model": "token_blacklist.outstandingtoken", "pk": 2, "fields": {"user": 1, "jti": "1430f60b614c440dade6666364f9c056", "token": "eyJhbGciOiJIUzI1NiIsInR5cCI6IkpXVCJ9.eyJ0b2tlbl90eXBlIjoicmVmcmVzaCIsImV4cCI6MTY4NDMzNjM2NiwiaWF0IjoxNjg0MjQ5OTY2LCJqdGkiOiIxNDMwZjYwYjYxNGM0NDBkYWRlNjY2NjM2NGY5YzA1NiIsInVzZXJfaWQiOjF9.BXgYJagjxou4BryG7fMmu1Wcz7pQD5RBmS81ZJ-PETM", "created_at": "2023-05-16T15:12:46.874Z", "expires_at": "2023-05-17T15:12:46Z"}}, {"model": "token_blacklist.outstandingtoken", "pk": 3, "fields": {"user": 1, "jti": "2f3c4e7f099949c489617bd2f02b4f82", "token": "eyJhbGciOiJIUzI1NiIsInR5cCI6IkpXVCJ9.eyJ0b2tlbl90eXBlIjoicmVmcmVzaCIsImV4cCI6MTY4NDMzNjM4NiwiaWF0IjoxNjg0MjQ5OTg2LCJqdGkiOiIyZjNjNGU3ZjA5OTk0OWM0ODk2MTdiZDJmMDJiNGY4MiIsInVzZXJfaWQiOjF9.8fA5qr7n4PkeZsMoyj1kK9kpR3f2q3pulYPnNUjFoZw", "created_at": "2023-05-16T15:13:06.267Z", "expires_at": "2023-05-17T15:13:06Z"}}, {"model": "token_blacklist.outstandingtoken", "pk": 4, "fields": {"user": 1, "jti": "dd2b0b0ff28a41e19ea0db61d9abe2cc", "token": "eyJhbGciOiJIUzI1NiIsInR5cCI6IkpXVCJ9.eyJ0b2tlbl90eXBlIjoicmVmcmVzaCIsImV4cCI6MTY4NDMzNjQwNiwiaWF0IjoxNjg0MjUwMDA2LCJqdGkiOiJkZDJiMGIwZmYyOGE0MWUxOWVhMGRiNjFkOWFiZTJjYyIsInVzZXJfaWQiOjF9.JszkCN1bC3rlKfhACJZU7k0W3tRzack-HbSRtUg5q3U", "created_at": "2023-05-16T15:13:26.365Z", "expires_at": "2023-05-17T15:13:26Z"}}, {"model": "token_blacklist.outstandingtoken", "pk": 5, "fields": {"user": 1, "jti": "4a27ae8eda25459e8c0d2d259b10aca1", "token": "eyJhbGciOiJIUzI1NiIsInR5cCI6IkpXVCJ9.eyJ0b2tlbl90eXBlIjoicmVmcmVzaCIsImV4cCI6MTY4NDMzNjQ2MywiaWF0IjoxNjg0MjUwMDYzLCJqdGkiOiI0YTI3YWU4ZWRhMjU0NTllOGMwZDJkMjU5YjEwYWNhMSIsInVzZXJfaWQiOjF9.8ePb8rPr3nqkN60eygV4YsYpwcrmzRPuhJkIdtD7AXM", "created_at": "2023-05-16T15:14:23.913Z", "expires_at": "2023-05-17T15:14:23Z"}}, {"model": "token_blacklist.outstandingtoken", "pk": 6, "fields": {"user": 1, "jti": "f51d9b6ac9134eeda4cd135bfda4f71f", "token": "eyJhbGciOiJIUzI1NiIsInR5cCI6IkpXVCJ9.eyJ0b2tlbl90eXBlIjoicmVmcmVzaCIsImV4cCI6MTY4NDMzNzM4NiwiaWF0IjoxNjg0MjUwOTg2LCJqdGkiOiJmNTFkOWI2YWM5MTM0ZWVkYTRjZDEzNWJmZGE0ZjcxZiIsInVzZXJfaWQiOjF9.FBBr7hYAQXZz4OQFgi-VnVRApmpygdn7UpPrKhlA20A", "created_at": "2023-05-16T15:29:46.810Z", "expires_at": "2023-05-17T15:29:46Z"}}, {"model": "token_blacklist.outstandingtoken", "pk": 7, "fields": {"user": 1, "jti": "8c879f33c26d4ab6bbf7d8c70fd74285", "token": "eyJhbGciOiJIUzI1NiIsInR5cCI6IkpXVCJ9.eyJ0b2tlbl90eXBlIjoicmVmcmVzaCIsImV4cCI6MTY4NDMzODk2OSwiaWF0IjoxNjg0MjUyNTY5LCJqdGkiOiI4Yzg3OWYzM2MyNmQ0YWI2YmJmN2Q4YzcwZmQ3NDI4NSIsInVzZXJfaWQiOjF9.D35LP2cxMoRluR-AnPCsBmm07rqF6r7G18ysoCeqevk", "created_at": "2023-05-16T15:56:09.006Z", "expires_at": "2023-05-17T15:56:09Z"}}, {"model": "token_blacklist.outstandingtoken", "pk": 8, "fields": {"user": 1, "jti": "d7cac92eb41b4fb289f3e4f6459233e4", "token": "eyJhbGciOiJIUzI1NiIsInR5cCI6IkpXVCJ9.eyJ0b2tlbl90eXBlIjoicmVmcmVzaCIsImV4cCI6MTY4NDMzOTEwNiwiaWF0IjoxNjg0MjUyNzA2LCJqdGkiOiJkN2NhYzkyZWI0MWI0ZmIyODlmM2U0ZjY0NTkyMzNlNCIsInVzZXJfaWQiOjF9.myVChsPg9QOWew6sc0lUz-z_QpL0CYMas8d3diUOnFE", "created_at": "2023-05-16T15:58:26.011Z", "expires_at": "2023-05-17T15:58:26Z"}}, {"model": "token_blacklist.outstandingtoken", "pk": 9, "fields": {"user": 1, "jti": "a01009b569fc4a9eb6da2b562d17d980", "token": "eyJhbGciOiJIUzI1NiIsInR5cCI6IkpXVCJ9.eyJ0b2tlbl90eXBlIjoicmVmcmVzaCIsImV4cCI6MTY4NDMzOTExNywiaWF0IjoxNjg0MjUyNzE3LCJqdGkiOiJhMDEwMDliNTY5ZmM0YTllYjZkYTJiNTYyZDE3ZDk4MCIsInVzZXJfaWQiOjF9.1HIHdtpfNoKc601uAF1DNwhAp7vP10KDow5b7v3hsLQ", "created_at": "2023-05-16T15:58:37.077Z", "expires_at": "2023-05-17T15:58:37Z"}}, {"model": "token_blacklist.outstandingtoken", "pk": 10, "fields": {"user": 1, "jti": "3c52c7871f174cef95082e2bda7e5aa4", "token": "eyJhbGciOiJIUzI1NiIsInR5cCI6IkpXVCJ9.eyJ0b2tlbl90eXBlIjoicmVmcmVzaCIsImV4cCI6MTY4NDM0MTI5NCwiaWF0IjoxNjg0MjU0ODk0LCJqdGkiOiIzYzUyYzc4NzFmMTc0Y2VmOTUwODJlMmJkYTdlNWFhNCIsInVzZXJfaWQiOjF9.vLVAtmaTc7wEOy5qTkVlmlIbHJrabuRk4E9NUCmUwyg", "created_at": "2023-05-16T16:34:54.981Z", "expires_at": "2023-05-17T16:34:54Z"}}, {"model": "token_blacklist.outstandingtoken", "pk": 11, "fields": {"user": 1, "jti": "341bca8696434bbdbe760928248d5401", "token": "eyJhbGciOiJIUzI1NiIsInR5cCI6IkpXVCJ9.eyJ0b2tlbl90eXBlIjoicmVmcmVzaCIsImV4cCI6MTY4NDM1OTM3MiwiaWF0IjoxNjg0MjcyOTcyLCJqdGkiOiIzNDFiY2E4Njk2NDM0YmJkYmU3NjA5MjgyNDhkNTQwMSIsInVzZXJfaWQiOjF9.L9NGFtzwtm0oKKIZRDuKAn6pcaGzQZWzuasMDcwbqy4", "created_at": "2023-05-16T21:36:12.073Z", "expires_at": "2023-05-17T21:36:12Z"}}, {"model": "token_blacklist.outstandingtoken", "pk": 12, "fields": {"user": 1, "jti": "ff67598b14184b939fb7832c4c3fc322", "token": "eyJhbGciOiJIUzI1NiIsInR5cCI6IkpXVCJ9.eyJ0b2tlbl90eXBlIjoicmVmcmVzaCIsImV4cCI6MTY4NDM2NDI0MSwiaWF0IjoxNjg0Mjc3ODQxLCJqdGkiOiJmZjY3NTk4YjE0MTg0YjkzOWZiNzgzMmM0YzNmYzMyMiIsInVzZXJfaWQiOjF9.2MmzNXXTrMfquKkuxm2mEQD9p4Yoi-hqYoZDO5UKQME", "created_at": "2023-05-16T22:57:21.596Z", "expires_at": "2023-05-17T22:57:21Z"}}, {"model": "token_blacklist.outstandingtoken", "pk": 13, "fields": {"user": 1, "jti": "89127c045aa64d7db1792df2fba97b97", "token": "eyJhbGciOiJIUzI1NiIsInR5cCI6IkpXVCJ9.eyJ0b2tlbl90eXBlIjoicmVmcmVzaCIsImV4cCI6MTY4NDM2NDYzMSwiaWF0IjoxNjg0Mjc4MjMxLCJqdGkiOiI4OTEyN2MwNDVhYTY0ZDdkYjE3OTJkZjJmYmE5N2I5NyIsInVzZXJfaWQiOjF9.AX7y4SIhbd_OJYDPU1kRFTdxLWk_VC4W9bvK-P6kYAA", "created_at": "2023-05-16T23:03:51.488Z", "expires_at": "2023-05-17T23:03:51Z"}}, {"model": "token_blacklist.outstandingtoken", "pk": 14, "fields": {"user": 1, "jti": "2523877d7e4141eda31d79cb53d1889d", "token": "eyJhbGciOiJIUzI1NiIsInR5cCI6IkpXVCJ9.eyJ0b2tlbl90eXBlIjoicmVmcmVzaCIsImV4cCI6MTY4NDM3MTE1MSwiaWF0IjoxNjg0Mjg0NzUxLCJqdGkiOiIyNTIzODc3ZDdlNDE0MWVkYTMxZDc5Y2I1M2QxODg5ZCIsInVzZXJfaWQiOjF9.6l5VLhTwGZd-QmJyFhE7E6erP954PMX8XOjFFZWexXQ", "created_at": "2023-05-17T00:52:31.912Z", "expires_at": "2023-05-18T00:52:31Z"}}, {"model": "token_blacklist.outstandingtoken", "pk": 15, "fields": {"user": 1, "jti": "d7d674c9f62749d0aa2f317375f9c871", "token": "eyJhbGciOiJIUzI1NiIsInR5cCI6IkpXVCJ9.eyJ0b2tlbl90eXBlIjoicmVmcmVzaCIsImV4cCI6MTY4NDM3MTE4MCwiaWF0IjoxNjg0Mjg0NzgwLCJqdGkiOiJkN2Q2NzRjOWY2Mjc0OWQwYWEyZjMxNzM3NWY5Yzg3MSIsInVzZXJfaWQiOjF9.HUrdw8sQwJ7gf7buHwgBqCyRAV0MyNGT8VNoHTaWP-M", "created_at": "2023-05-17T00:53:00.233Z", "expires_at": "2023-05-18T00:53:00Z"}}, {"model": "token_blacklist.outstandingtoken", "pk": 16, "fields": {"user": 1, "jti": "ebbf955f9683474da5bc05c6b95ed109", "token": "eyJhbGciOiJIUzI1NiIsInR5cCI6IkpXVCJ9.eyJ0b2tlbl90eXBlIjoicmVmcmVzaCIsImV4cCI6MTY4NDM3MTIwNSwiaWF0IjoxNjg0Mjg0ODA1LCJqdGkiOiJlYmJmOTU1Zjk2ODM0NzRkYTViYzA1YzZiOTVlZDEwOSIsInVzZXJfaWQiOjF9.DnK4SZN2V0FVkgxbfCEHSCizflES4LqSwIw6SVe04bU", "created_at": "2023-05-17T00:53:25.431Z", "expires_at": "2023-05-18T00:53:25Z"}}, {"model": "token_blacklist.outstandingtoken", "pk": 17, "fields": {"user": 1, "jti": "d44bb4363fad4bb8b3de921766255c99", "token": "eyJhbGciOiJIUzI1NiIsInR5cCI6IkpXVCJ9.eyJ0b2tlbl90eXBlIjoicmVmcmVzaCIsImV4cCI6MTY4NDM3MTI5MSwiaWF0IjoxNjg0Mjg0ODkxLCJqdGkiOiJkNDRiYjQzNjNmYWQ0YmI4YjNkZTkyMTc2NjI1NWM5OSIsInVzZXJfaWQiOjF9.juvBgjf9h0QXyZ3Jo1cAr3AS0uc-UO9gv0hmKPfo12k", "created_at": "2023-05-17T00:54:51.018Z", "expires_at": "2023-05-18T00:54:51Z"}}, {"model": "token_blacklist.outstandingtoken", "pk": 18, "fields": {"user": 1, "jti": "00eedb50be614930b39704b98f5e7be8", "token": "eyJhbGciOiJIUzI1NiIsInR5cCI6IkpXVCJ9.eyJ0b2tlbl90eXBlIjoicmVmcmVzaCIsImV4cCI6MTY4NDM3MTk4NCwiaWF0IjoxNjg0Mjg1NTg0LCJqdGkiOiIwMGVlZGI1MGJlNjE0OTMwYjM5NzA0Yjk4ZjVlN2JlOCIsInVzZXJfaWQiOjF9.BKAOu5iEgjNFNvn5bXWHFEgwv_o_8cW1mV1Cm876waM", "created_at": "2023-05-17T01:06:24.782Z", "expires_at": "2023-05-18T01:06:24Z"}}, {"model": "token_blacklist.blacklistedtoken", "pk": 1, "fields": {"token": 6, "blacklisted_at": "2023-05-16T15:52:30.081Z"}}, {"model": "token_blacklist.blacklistedtoken", "pk": 2, "fields": {"token": 7, "blacklisted_at": "2023-05-16T15:56:11.281Z"}}, {"model": "token_blacklist.blacklistedtoken", "pk": 3, "fields": {"token": 8, "blacklisted_at": "2023-05-16T15:58:31.044Z"}}, {"model": "token_blacklist.blacklistedtoken", "pk": 4, "fields": {"token": 9, "blacklisted_at": "2023-05-16T16:26:05.207Z"}}, {"model": "token_blacklist.blacklistedtoken", "pk": 5, "fields": {"token": 10, "blacklisted_at": "2023-05-16T17:03:36.746Z"}}, {"model": "token_blacklist.blacklistedtoken", "pk": 6, "fields": {"token": 11, "blacklisted_at": "2023-05-16T22:46:25.500Z"}}, {"model": "token_blacklist.blacklistedtoken", "pk": 7, "fields": {"token": 12, "blacklisted_at": "2023-05-16T23:01:43.892Z"}}, {"model": "token_blacklist.blacklistedtoken", "pk": 8, "fields": {"token": 14, "blacklisted_at": "2023-05-17T00:52:53.219Z"}}, {"model": "token_blacklist.blacklistedtoken", "pk": 9, "fields": {"token": 15, "blacklisted_at": "2023-05-17T00:53:22.946Z"}}, {"model": "token_blacklist.blacklistedtoken", "pk": 10, "fields": {"token": 16, "blacklisted_at": "2023-05-17T00:54:02.781Z"}}, {"model": "token_blacklist.blacklistedtoken", "pk": 11, "fields": {"token": 17, "blacklisted_at": "2023-05-17T01:06:22.231Z"}}, {"model": "api.patient", "pk": 1, "fields": {"first_name": "Freja", "last_name": "Test", "email": "accounts@neverfinal.com", "gender": null, "ethnicity": null, "diseases": "", "birth_year": 1950, "admin": null, "consent": true, "created_at": "2023-05-15T18:16:39.821Z"}}, {"model": "api.patient", "pk": 2, "fields": {"first_name": "Fettes", "last_name": "Brote", "email": "neongold@neverfinal.com", "gender": null, "ethnicity": null, "diseases": "", "birth_year": 1980, "admin": null, "consent": true, "created_at": "2023-05-15T18:16:39.821Z"}}, {"model": "api.patient", "pk": 3, "fields": {"first_name": "Mark", "last_name": "Yuan", "email": "Sari+digiocean@neverfinal.com", "gender": null, "ethnicity": null, "diseases": null, "birth_year": 1960, "admin": 1, "consent": true, "created_at": "2023-05-15T18:16:39.821Z"}}, {"model": "api.patient", "pk": 4, "fields": {"first_name": "Jorja", "last_name": "Smith", "email": "accounts@neverfinal.com", "gender": null, "ethnicity": null, "diseases": null, "birth_year": 1939, "admin": 1, "consent": true, "created_at": "2023-05-15T18:16:39.821Z"}}, {"model": "api.patient", "pk": 5, "fields": {"first_name": "JHope", "last_name": "Bts", "email": "Sari+digiocean@neverfinal.com", "gender": null, "ethnicity": null, "diseases": null, "birth_year": 1957, "admin": 1, "consent": true, "created_at": "2023-05-15T18:17:56.339Z"}}, {"model": "api.patient", "pk": 6, "fields": {"first_name": "dwdw", "last_name": "dwqdqw", "email": "sari@neverfinal.com", "gender": null, "ethnicity": null, "diseases": null, "birth_year": 1967, "admin": 1, "consent": false, "created_at": "2023-05-16T12:07:00.141Z"}}, {"model": "api.patient", "pk": 7, "fields": {"first_name": "Bella", "last_name": "Youtube", "email": "sari+test@neverfinal.com", "gender": null, "ethnicity": null, "diseases": null, "birth_year": 1930, "admin": 1, "consent": true, "created_at": "2023-05-16T13:56:59.244Z"}}, {"model": "api.patient", "pk": 8, "fields": {"first_name": "Kaffee", "last_name": "Trinken", "email": "neongold@neverfinal.com", "gender": null, "ethnicity": null, "diseases": null, "birth_year": 1960, "admin": 1, "consent": true, "created_at": "2023-05-16T17:01:55.020Z"}}, {"model": "api.patient", "pk": 9, "fields": {"first_name": "Esther", "last_name": "YU", "email": "Sari+digiocean@neverfinal.com", "gender": null, "ethnicity": null, "diseases": null, "birth_year": 1940, "admin": 1, "consent": true, "created_at": "2023-05-16T22:26:03.412Z"}}, {"model": "api.patient", "pk": 10, "fields": {"first_name": "WAWA", "last_name": "jaja", "email": "sari+test@neverfinal.com", "gender": null, "ethnicity": null, "diseases": null, "birth_year": 1948, "admin": 1, "consent": true, "created_at": "2023-05-17T01:06:51.736Z"}}, {"model": "api.submission", "pk": 31, "fields": {"created_at": "2023-05-16T21:55:44.089Z", "patient": 1, "status": "completed", "detection_at": "2023-05-16T21:55:44.716Z", "practioner": null, "author": 1}}, {"model": "api.submission", "pk": 32, "fields": {"created_at": "2023-05-16T22:06:18.366Z", "patient": 2, "status": "completed", "detection_at": "2023-05-16T22:06:20.448Z", "practioner": null, "author": 1}}, {"model": "api.submission", "pk": 33, "fields": {"created_at": "2023-05-16T22:26:37.314Z", "patient": 9, "status": "completed", "detection_at": "2023-05-16T22:26:38.546Z", "practioner": null, "author": 1}}, {"model": "api.submission", "pk": 34, "fields": {"created_at": "2023-05-17T00:53:43.420Z", "patient": 8, "status": "completed", "detection_at": "2023-05-17T00:53:44.522Z", "practioner": null, "author": 1}}, {"model": "api.submittedeye", "pk": 23, "fields": {"eye_side": "left", "image": "submission-31/images/left-eye.jpg", "submission": 31, "risk_level": 0.408}}, {"model": "api.submittedeye", "pk": 24, "fields": {"eye_side": "right", "image": "submission-32/images/right-eye.jpg", "submission": 32, "risk_level": 0.212}}, {"model": "api.submittedeye", "pk": 25, "fields": {"eye_side": "left", "image": "submission-32/images/left-eye.jpg", "submission": 32, "risk_level": 0.448}}, {"model": "api.submittedeye", "pk": 26, "fields": {"eye_side": "left", "image": "submission-33/images/left-eye.jpg", "submission": 33, "risk_level": 0.374}}, {"model": "api.submittedeye", "pk": 27, "fields": {"eye_side": "left", "image": "submission-34/images/left-eye.jpg", "submission": 34, "risk_level": 0.094}}]